slide,file,source,width,height,kb,kind,duplicate_of
1,s01-01-image1.jpg,image1.jpeg,2202,1468,352,photo,
1,s01-02-image2.png,image2.png,350,350,15,logo/graphic,
2,s02-01-image3.jpg,image3.jpeg,2400,3600,1894,photo,
3,s03-01-image4.jpg,image4.jpeg,1584,1735,1001,photo,
5,s05-01-image5.png,image5.png,285,287,21,logo/graphic,
5,s05-02-image6.png,image6.png,402,300,15,logo/graphic,
5,s05-03-image7.png,image7.png,261,168,16,logo/graphic,
5,s05-04-image8.png,image8.png,354,119,12,logo/graphic,
5,s05-05-image9.png,image9.png,402,128,62,logo/graphic,
5,s05-06-image10.png,image10.png,343,132,27,logo/graphic,
5,s05-07-image11.png,image11.png,196,196,30,logo/graphic,
5,s05-08-image12.png,image12.png,503,503,24,logo/graphic,
5,s05-09-image13.png,image13.png,441,384,22,logo/graphic,
5,s05-10-image14.png,image14.png,633,633,63,photo,
5,s05-11-image15.png,image15.png,280,378,129,logo/graphic,
5,s05-12-image16.jpg,image16.jpeg,516,933,179,photo,
5,s05-13-image17.png,image17.png,200,244,58,logo/graphic,
5,s05-14-image18.png,image18.png,240,324,89,logo/graphic,
5,s05-15-image19.png,image19.png,216,274,52,logo/graphic,
5,s05-16-image20.png,image20.png,800,269,99,logo/graphic,
5,s05-17-image21.png,image21.png,674,217,96,logo/graphic,
5,s05-18-image22.png,image22.png,693,261,108,logo/graphic,
5,s05-19-image23.png,image23.png,145,49,2,logo/graphic,
5,s05-20-image24.svg,image24.svg,,,1,svg,
5,s05-21-image25.png,image25.png,374,50,6,logo/graphic,
5,s05-22-image26.svg,image26.svg,,,2,svg,
5,s05-23-image27.png,image27.png,490,119,57,logo/graphic,
5,s05-24-image28.jpg,image28.jpeg,288,198,14,logo/graphic,
5,s05-25-image29.jpg,image29.jpeg,319,164,22,logo/graphic,
5,s05-26-image30.png,image30.png,159,48,4,logo/graphic,
5,s05-27-image31.svg,image31.svg,,,3,svg,
5,s05-28-image32.png,image32.png,116,50,4,logo/graphic,
5,s05-29-image33.svg,image33.svg,,,7,svg,
5,s05-30-image34.png,image34.png,142,52,4,logo/graphic,
5,s05-31-image35.svg,image35.svg,,,3,svg,
5,s05-32-image36.png,image36.png,374,110,18,logo/graphic,
5,s05-33-image37.png,image37.png,100,72,6,logo/graphic,
5,s05-34-image38.png,image38.png,222,46,11,logo/graphic,
5,s05-35-image39.jpg,image39.jpeg,512,1108,223,photo,
5,s05-36-image40.jpg,image40.jpeg,512,1108,222,photo,
5,s05-38-image41.png,image41.png,480,126,14,logo/graphic,
6,s05-03-image7.png,image7.png,261,168,16,logo/graphic,s05-03-image7.png
6,s05-04-image8.png,image8.png,354,119,12,logo/graphic,s05-04-image8.png
6,s06-03-image42.png,image42.png,768,432,47,photo,
6,s06-04-image43.png,image43.png,356,123,13,logo/graphic,
6,s06-05-image44.png,image44.png,594,600,24,photo,
6,s06-06-image45.png,image45.png,225,225,8,logo/graphic,
6,s06-07-image46.png,image46.png,750,318,26,photo,
6,s06-08-image47.png,image47.png,256,256,7,logo/graphic,
6,s06-09-image48.png,image48.png,430,93,18,logo/graphic,
6,s06-10-image49.png,image49.png,512,92,14,logo/graphic,
6,s06-11-image50.png,image50.png,768,432,19,photo,
6,s06-12-image51.png,image51.png,384,307,45,logo/graphic,
6,s06-13-image52.png,image52.png,512,139,32,logo/graphic,
6,s06-14-image53.png,image53.png,480,176,29,logo/graphic,
6,s06-15-image54.png,image54.png,480,270,18,logo/graphic,
6,s06-16-image55.png,image55.png,683,60,17,logo/graphic,
6,s06-17-image56.png,image56.png,576,92,20,logo/graphic,
6,s06-18-image57.png,image57.png,512,141,20,logo/graphic,
6,s06-19-image58.png,image58.png,768,162,45,logo/graphic,
6,s06-20-image59.png,image59.png,584,92,19,logo/graphic,
6,s06-21-image60.png,image60.png,426,97,14,logo/graphic,
6,s06-22-image61.png,image61.png,809,425,32,photo,
6,s06-23-image62.png,image62.png,615,131,63,logo/graphic,
6,s06-24-image63.png,image63.png,400,400,20,logo/graphic,
6,s06-25-image64.png,image64.png,480,252,18,logo/graphic,
6,s06-26-image65.png,image65.png,570,92,30,logo/graphic,
6,s06-27-image66.png,image66.png,359,360,8,logo/graphic,
6,s06-28-image67.png,image67.png,600,314,21,photo,
6,s06-29-image68.png,image68.png,435,116,8,logo/graphic,
6,s06-30-image69.png,image69.png,480,252,33,logo/graphic,
7,s07-01-image70.png,image70.png,192,192,35,logo/graphic,
7,s07-02-image71.png,image71.png,192,193,66,logo/graphic,
7,s07-03-image72.png,image72.png,600,600,34,photo,
7,s07-04-image73.png,image73.png,192,192,50,logo/graphic,
7,s07-05-image74.png,image74.png,150,150,23,logo/graphic,
7,s07-06-image75.png,image75.png,268,336,36,logo/graphic,
7,s07-07-image76.svg,image76.svg,,,39,svg,
7,s07-08-image77.png,image77.png,158,158,43,logo/graphic,
7,s07-09-image78.png,image78.png,252,252,41,logo/graphic,
7,s07-10-image79.svg,image79.svg,,,389,svg,
7,s07-11-image80.png,image80.png,150,150,34,logo/graphic,
7,s07-12-image81.png,image81.png,252,253,34,logo/graphic,
7,s07-13-image82.svg,image82.svg,,,72,svg,
7,s07-14-image83.png,image83.png,352,320,39,logo/graphic,
7,s07-15-image84.svg,image84.svg,,,35,svg,
7,s07-16-image85.png,image85.png,213,213,25,logo/graphic,
7,s07-17-image86.svg,image86.svg,,,48,svg,
7,s07-18-image87.png,image87.png,267,267,44,logo/graphic,
7,s07-19-image88.svg,image88.svg,,,44,svg,
7,s07-20-image89.png,image89.png,324,324,104,logo/graphic,
7,s07-21-image90.png,image90.png,252,252,40,logo/graphic,
7,s07-22-image91.svg,image91.svg,,,69,svg,
7,s07-23-image92.png,image92.png,256,256,82,logo/graphic,
7,s07-24-image93.png,image93.png,252,252,42,logo/graphic,
7,s07-25-image94.svg,image94.svg,,,68,svg,
7,s07-26-image95.png,image95.png,150,150,32,logo/graphic,
7,s07-27-image96.png,image96.png,267,267,53,logo/graphic,
7,s07-28-image97.svg,image97.svg,,,48,svg,
7,s07-29-image98.png,image98.png,150,150,34,logo/graphic,
7,s07-30-image99.png,image99.png,252,252,29,logo/graphic,
7,s07-31-image100.svg,image100.svg,,,32,svg,
7,s07-32-image101.png,image101.png,158,158,40,logo/graphic,
7,s07-33-image102.png,image102.png,308,308,77,logo/graphic,
7,s07-34-image103.png,image103.png,417,384,133,logo/graphic,
7,s07-35-image104.png,image104.png,255,72,8,logo/graphic,
7,s07-36-image105.png,image105.png,572,89,26,logo/graphic,
7,s07-37-image106.png,image106.png,384,384,112,logo/graphic,
7,s07-38-image107.png,image107.png,110,112,15,logo/graphic,
7,s07-39-image108.png,image108.png,497,509,55,logo/graphic,
7,s07-40-image109.png,image109.png,209,163,9,logo/graphic,
7,s07-41-image110.png,image110.png,290,102,13,logo/graphic,
7,s07-42-image111.png,image111.png,312,381,79,logo/graphic,
7,s07-43-image112.png,image112.png,442,192,22,logo/graphic,
7,s07-44-image113.png,image113.png,263,100,22,logo/graphic,
7,s07-45-image114.png,image114.png,99,102,13,logo/graphic,
7,s07-46-image115.png,image115.png,352,45,20,logo/graphic,
7,s07-47-image116.png,image116.png,300,136,18,logo/graphic,
7,s07-48-image117.png,image117.png,135,135,29,logo/graphic,
7,s07-49-image118.png,image118.png,300,300,46,logo/graphic,
8,s08-02-image119.png,image119.png,512,296,21,logo/graphic,
8,s08-03-image120.png,image120.png,265,60,11,logo/graphic,
8,s08-04-image121.png,image121.png,200,200,12,logo/graphic,
8,s08-05-image122.png,image122.png,480,131,18,logo/graphic,
8,s08-06-image123.png,image123.png,357,390,34,logo/graphic,
8,s08-07-image124.png,image124.png,358,358,11,logo/graphic,
8,s08-08-image125.png,image125.png,600,385,75,photo,
8,s08-09-image126.png,image126.png,842,591,7,photo,
8,s08-10-image127.png,image127.png,500,281,26,logo/graphic,
8,s08-11-image128.png,image128.png,336,176,24,logo/graphic,
8,s08-12-image129.png,image129.png,350,98,10,logo/graphic,
8,s08-13-image130.png,image130.png,838,606,8,photo,
8,s08-14-image131.png,image131.png,512,1108,39,photo,
8,s08-15-image132.jpg,image132.jpeg,512,512,20,logo/graphic,
8,s08-16-image133.jpg,image133.jpeg,410,410,15,logo/graphic,
8,s08-17-image134.png,image134.png,260,114,5,logo/graphic,
9,s09-02-image135.png,image135.png,420,215,73,logo/graphic,
9,s09-03-image136.png,image136.png,468,317,40,logo/graphic,
9,s09-04-image137.png,image137.png,1265,1265,42,photo,
9,s09-05-image138.png,image138.png,1265,1265,53,photo,
9,s09-06-image139.png,image139.png,1265,1265,26,photo,
9,s09-07-image140.png,image140.png,357,107,15,logo/graphic,
9,s09-08-image141.png,image141.png,256,256,13,logo/graphic,
9,s09-09-image142.png,image142.png,260,114,1,logo/graphic,
9,s09-10-image143.png,image143.png,542,204,5,logo/graphic,
9,s09-11-image144.png,image144.png,300,102,7,logo/graphic,
10,s10-02-image145.jpg,image145.jpeg,389,120,13,logo/graphic,
10,s10-03-image146.png,image146.png,256,256,18,logo/graphic,
10,s09-07-image140.png,image140.png,357,107,15,logo/graphic,s09-07-image140.png
10,s10-05-image147.png,image147.png,615,155,70,logo/graphic,
10,s10-06-image148.jpg,image148.jpeg,600,512,27,photo,
10,s10-07-image149.png,image149.png,986,138,41,logo/graphic,
10,s10-08-image150.png,image150.png,467,355,45,logo/graphic,
10,s10-09-image151.jpg,image151.jpeg,516,224,19,logo/graphic,
10,s10-10-image152.jpg,image152.jpeg,672,512,80,photo,
10,s10-11-image153.jpg,image153.jpeg,512,512,20,logo/graphic,
10,s10-12-image154.png,image154.png,138,112,5,logo/graphic,
10,s10-13-image155.png,image155.png,300,226,19,logo/graphic,
11,s11-02-image156.png,image156.png,470,107,21,logo/graphic,
11,s11-03-image157.png,image157.png,393,96,32,logo/graphic,
11,s11-04-image158.png,image158.png,396,247,52,logo/graphic,
11,s11-05-image159.png,image159.png,497,417,18,logo/graphic,
11,s11-06-image160.jpg,image160.jpeg,800,360,66,photo,
12,s12-02-image161.png,image161.png,712,419,32,photo,
12,s12-03-image162.png,image162.png,270,270,117,logo/graphic,
12,s12-04-image163.png,image163.png,400,400,22,logo/graphic,
12,s12-05-image164.jpg,image164.jpeg,480,480,28,logo/graphic,
12,s12-06-image165.png,image165.png,328,299,39,logo/graphic,
12,s12-07-image166.jpg,image166.jpeg,300,300,29,logo/graphic,
12,s12-08-image167.jpg,image167.jpeg,349,406,25,logo/graphic,
12,s12-09-image168.jpg,image168.jpeg,432,432,32,logo/graphic,
12,s12-10-image169.jpg,image169.jpeg,404,410,64,logo/graphic,
12,s12-11-image170.jpg,image170.jpeg,356,358,25,logo/graphic,
12,s12-12-image171.png,image171.png,308,308,30,logo/graphic,
12,s12-13-image172.jpg,image172.jpeg,357,500,61,logo/graphic,
12,s12-14-image173.jpg,image173.jpeg,430,179,24,logo/graphic,
12,s12-15-image174.png,image174.png,316,285,36,logo/graphic,
12,s12-16-image175.jpg,image175.jpeg,312,381,36,logo/graphic,
12,s12-17-image176.png,image176.png,496,702,37,photo,
13,s13-01-image177.jpg,image177.jpeg,2151,1434,913,photo,
14,s14-01-image178.jpg,image178.jpeg,1420,2130,558,photo,
14,s14-02-image179.png,image179.png,182,97,2,logo/graphic,
14,s14-03-image180.svg,image180.svg,,,0,svg,
15,s15-01-image181.jpg,image181.jpeg,3456,1946,1443,photo,
15,s15-02-image182.jpg,image182.jpeg,1728,973,633,photo,
15,s15-03-image183.jpg,image183.jpeg,1639,1093,575,photo,
15,s15-04-image184.jpg,image184.jpeg,1639,1093,489,photo,
15,s15-05-image185.jpg,image185.jpeg,1639,1093,520,photo,
15,s15-06-image186.jpg,image186.jpeg,1639,1093,438,photo,
15,s15-07-image187.jpg,image187.jpeg,1728,973,458,photo,
15,s15-08-image188.jpg,image188.jpeg,1728,973,478,photo,
16,s16-01-image189.jpg,image189.jpeg,3000,2000,250,photo,
16,s16-02-image190.png,image190.png,984,898,152,photo,
16,s16-03-image191.svg,image191.svg,,,7,svg,
16,s16-04-image192.png,image192.png,1178,786,1251,photo,
16,s16-05-image193.png,image193.png,202,202,6,logo/graphic,
16,s16-06-image194.svg,image194.svg,,,0,svg,
16,s16-07-image195.png,image195.png,720,489,498,photo,
17,s17-01-image196.jpg,image196.jpeg,2804,1869,1357,photo,
17,s17-02-image197.jpg,image197.jpeg,1402,935,370,photo,
17,s17-03-image198.jpg,image198.jpeg,1402,935,319,photo,
17,s17-04-image199.jpg,image199.jpeg,1505,1004,547,photo,
17,s17-05-image200.jpg,image200.jpeg,2103,1402,905,photo,
18,s18-01-image201.jpg,image201.jpeg,2750,1834,1632,photo,
18,s18-02-image202.jpg,image202.jpeg,1343,895,448,photo,
18,s18-03-image203.jpg,image203.jpeg,1383,922,452,photo,
18,s18-04-image204.jpg,image204.jpeg,1383,922,444,photo,
19,s19-01-image205.jpg,image205.jpeg,2808,1580,2155,photo,
19,s19-02-image206.jpg,image206.jpeg,638,356,181,photo,
19,s19-03-image207.jpg,image207.jpeg,1124,632,220,photo,
19,s19-04-image208.jpg,image208.jpeg,767,512,264,photo,
19,s19-05-image209.jpg,image209.jpeg,849,464,211,photo,
19,s19-06-image210.png,image210.png,447,854,576,photo,
20,s14-02-image179.png,image179.png,182,97,2,logo/graphic,s14-02-image179.png
20,s14-03-image180.svg,image180.svg,,,0,svg,s14-03-image180.svg
20,s20-03-image211.jpg,image211.jpeg,2850,1722,1178,photo,
21,s21-01-image212.jpg,image212.jpeg,2048,789,175,photo,
22,s22-01-image213.jpg,image213.jpeg,1296,616,152,photo,
22,s22-02-image214.jpg,image214.jpeg,1229,585,230,photo,
22,s22-03-image215.jpg,image215.jpeg,1256,887,356,photo,
22,s22-04-image216.jpg,image216.jpeg,1280,872,233,photo,
22,s22-05-image217.png,image217.png,1129,414,163,photo,
22,s22-06-image218.png,image218.png,1386,562,165,photo,
22,s22-07-image219.png,image219.png,1156,565,189,photo,
23,s23-01-image220.png,image220.png,1203,476,1118,photo,
23,s23-02-image221.png,image221.png,595,716,211,photo,
23,s23-03-image222.png,image222.png,496,516,120,logo/graphic,
24,s24-01-image223.jpg,image223.jpeg,1402,935,404,photo,
24,s24-02-image224.jpg,image224.jpeg,1402,935,353,photo,
24,s24-03-image225.jpg,image225.jpeg,1402,935,398,photo,
24,s24-04-image226.jpg,image226.jpeg,1402,935,453,photo,
24,s24-05-image227.jpg,image227.jpeg,2304,1536,672,photo,
25,s25-01-image228.jpg,image228.jpeg,960,640,289,photo,
25,s25-02-image229.png,image229.png,488,592,445,logo/graphic,
25,s25-03-image230.png,image230.png,679,913,656,photo,
25,s25-04-image231.png,image231.png,585,778,585,photo,
25,s25-05-image232.png,image232.png,982,1242,1247,photo,
26,s26-01-image233.jpg,image233.jpeg,1200,900,472,photo,
26,s26-02-image234.jpg,image234.jpeg,864,1296,405,photo,
26,s26-03-image235.jpg,image235.jpeg,1200,900,448,photo,
26,s26-04-image236.jpg,image236.jpeg,900,1200,387,photo,
26,s26-05-image237.jpg,image237.jpeg,1800,2400,1411,photo,
27,s27-01-image238.jpg,image238.jpeg,1858,1050,1023,photo,
27,s27-02-image239.jpg,image239.jpeg,1239,826,618,photo,
27,s27-03-image240.jpg,image240.jpeg,1239,826,564,photo,
27,s27-04-image241.jpg,image241.jpeg,720,1280,297,photo,
28,s24-03-image225.jpg,image225.jpeg,1402,935,398,photo,s24-03-image225.jpg
28,s28-02-image242.jpg,image242.jpeg,1239,826,579,photo,
28,s28-03-image243.jpg,image243.jpeg,1200,900,327,photo,
28,s27-03-image240.jpg,image240.jpeg,1239,826,564,photo,s27-03-image240.jpg
28,s24-02-image224.jpg,image224.jpeg,1402,935,353,photo,s24-02-image224.jpg
28,s28-06-image244.jpg,image244.jpeg,896,504,229,photo,
28,s28-07-image245.jpg,image245.jpeg,1354,1015,606,photo,
28,s28-08-image246.png,image246.png,130,130,2,logo/graphic,
28,s28-09-image247.svg,image247.svg,,,1,svg,
28,s28-10-image248.png,image248.png,495,1069,19,photo,
28,s28-11-image249.svg,image249.svg,,,1,svg,
28,s28-12-image250.jpg,image250.jpeg,964,1286,751,photo,
28,s28-13-image251.jpg,image251.jpeg,857,1143,487,photo,
28,s26-03-image235.jpg,image235.jpeg,1200,900,448,photo,s26-03-image235.jpg
28,s28-15-image252.jpg,image252.jpeg,1200,900,429,photo,
28,s28-16-image253.jpg,image253.jpeg,810,540,266,photo,
29,s29-01-image254.jpg,image254.jpeg,3808,2535,4606,photo,
29,s29-02-image255.jpg,image255.jpeg,538,807,177,photo,
29,s29-03-image256.jpg,image256.jpeg,555,832,200,photo,
29,s29-04-image257.jpg,image257.jpeg,555,832,178,photo,
29,s29-05-image258.png,image258.png,384,387,213,logo/graphic,
29,s29-06-image259.png,image259.png,429,422,245,logo/graphic,
30,s30-01-image260.jpg,image260.jpeg,2804,1869,1508,photo,
30,s30-02-image261.jpg,image261.jpeg,1296,972,525,photo,
30,s30-03-image262.jpg,image262.jpeg,1402,935,392,photo,
30,s30-04-image263.jpg,image263.jpeg,576,324,142,logo/graphic,
31,s31-01-image264.jpg,image264.jpeg,2324,1556,679,photo,
31,s31-03-image265.png,image265.png,130,130,3,logo/graphic,
31,s31-04-image266.svg,image266.svg,,,1,svg,
31,s31-05-image267.png,image267.png,225,225,6,logo/graphic,
31,s31-06-image268.svg,image268.svg,,,2,svg,
31,s31-07-image269.png,image269.png,240,160,8,logo/graphic,
